<?xml version="1.0" encoding="UTF-8"?>
<launch4jConfig>
  <dontWrapJar>true</dontWrapJar>
  <headerType>gui</headerType>
  <jar>console\rusefi_console.jar</jar>
  <outfile>c:\stuff\rusefi\misc\console_launcher\rusefi_updater.exe</outfile>
  <errTitle></errTitle>
  <cmdLine></cmdLine>
  <chdir>.</chdir>
  <priority>normal</priority>
  <downloadUrl>https://adoptium.net/download/</downloadUrl>
  <supportUrl></supportUrl>
  <stayAlive>false</stayAlive>
  <restartOnCrash>false</restartOnCrash>
  <manifest></manifest>
  <icon>c:\stuff\rusefi\misc\console_launcher\favicon.ico</icon>
  <jre>
    <path>%JAVA_HOME%;%PATH%</path>
    <requiresJdk>false</requiresJdk>
    <requires64Bit>false</requires64Bit>
    <minVersion>11.0</minVersion>
    <maxVersion></maxVersion>
  </jre>
  <messages>
    <startupErr>An error occurred while starting the application.</startupErr>
    <jreNotFoundErr>Please visit https://rusefi.com/s/j/ for Java (JRE) </jreNotFoundErr>
    <jreVersionErr>Please visit https://rusefi.com/s/j/ for Java (JRE) </jreVersionErr>
    <launcherErr>The registry refers to a nonexistent Java Runtime Environment installation or the runtime is corrupted.</launcherErr>
    <instanceAlreadyExistsMsg>An application instance is already running.</instanceAlreadyExistsMsg>
  </messages>
</launch4jConfig>